CREATE TABLE IF NOT EXISTS `countries` (
    `id` tinyint(3) unsigned NOT NULL auto_increment,
    `name` varchar(30) NOT NULL,
    PRIMARY KEY  (`id`)
    ) ENGINE=InnoDB DEFAULT CHARSET=utf8 AUTO_INCREMENT=207;
INSERT INTO `countries` (`id`, `name`) VALUES
                                                                (1, 'Abhazya'),
                                                                (2, 'Afganistan'),
                                                                (3, 'Almanya'),
                                                                (4, 'Amerika Birleşik Devletleri'),
                                                                (5, 'Andorra'),
                                                                (6, 'Angola'),
                                                                (7, 'Antigua ve Barbuda'),
                                                                (8, 'Arjantin'),
                                                                (9, 'Arnavutluk'),
                                                                (10, 'Avustralya'),
                                                                (11, 'Avusturya'),
                                                                (12, 'Azerbaycan'),
                                                                (13, 'Bahamalar'),
                                                                (14, 'Bahreyn'),
                                                                (15, 'Bangladeş'),
                                                                (16, 'Barbados'),
                                                                (17, 'Batı Sahra'),
                                                                (18, 'Belarus'),
                                                                (19, 'Belçika'),
                                                                (20, 'Belize'),
                                                                (21, 'Benin'),
                                                                (22, 'Bhutan'),
                                                                (23, 'Birleşik Arap Emirlikleri'),
                                                                (24, 'Bolivya'),
                                                                (25, 'Bosna Hersek'),
                                                                (26, 'Botsvana'),
                                                                (27, 'Brezilya'),
                                                                (28, 'Brunei'),
                                                                (29, 'Bulgaristan'),
                                                                (30, 'Burkina Faso'),
                                                                (31, 'Burundi'),
                                                                (32, 'Cezayir'),
                                                                (33, 'Cibuti Cumhuriyeti'),
                                                                (34, 'Çad'),
                                                                (35, 'Çek Cumhuriyeti'),
                                                                (36, 'Çin Halk Cumhuriyeti'),
                                                                (37, 'Dağlık Karabağ Cumhuriyeti'),
                                                                (38, 'Danimarka'),
                                                                (39, 'Doğu Timor'),
                                                                (40, 'Dominik Cumhuriyeti'),
                                                                (41, 'Dominika'),
                                                                (42, 'Ekvador'),
                                                                (43, 'Ekvator Ginesi'),
                                                                (44, 'El Salvador'),
                                                                (45, 'Endonezya'),
                                                                (46, 'Eritre'),
                                                                (47, 'Ermenistan'),
                                                                (48, 'Estonya'),
                                                                (49, 'Etiyopya'),
                                                                (50, 'Fas'),
                                                                (51, 'Fiji'),
                                                                (52, 'Fildişi Sahilleri'),
                                                                (53, 'Filipinler'),
                                                                (54, 'Filistin'),
                                                                (55, 'Finlandiya'),
                                                                (56, 'Fransa'),
                                                                (57, 'Gabon'),
                                                                (58, 'Gambiya'),
                                                                (59, 'Gana'),
                                                                (60, 'Gine Bissau'),
                                                                (61, 'Gine'),
                                                                (62, 'Grenada'),
                                                                (63, 'Guyana'),
                                                                (64, 'Guatemala'),
                                                                (65, 'Güney Afrika Cumhuriyeti'),
                                                                (66, 'Güney Kore'),
                                                                (67, 'Güney Osetya'),
                                                                (68, 'Gürcistan'),
                                                                (69, 'Haiti'),
                                                                (70, 'Hırvatistan'),
                                                                (71, 'Hindistan'),
                                                                (72, 'Hollanda'),
                                                                (73, 'Honduras'),
                                                                (74, 'Irak'),
                                                                (75, 'İngiltere'),
                                                                (76, 'İran'),
                                                                (77, 'İrlanda'),
                                                                (78, 'İspanya'),
                                                                (79, 'İsrail'),
                                                                (80, 'İsveç'),
                                                                (81, 'İsviçre'),
                                                                (82, 'İtalya'),
                                                                (83, 'İzlanda'),
                                                                (84, 'Jamaika'),
                                                                (85, 'Japonya'),
                                                                (86, 'Kamboçya'),
                                                                (87, 'Kamerun'),
                                                                (88, 'Kanada'),
                                                                (89, 'Karadağ'),
                                                                (90, 'Katar'),
                                                                (91, 'Kazakistan'),
                                                                (92, 'Kenya'),
                                                                (93, 'Kırgızistan'),
                                                                (94, 'Kıbrıs Cumhuriyeti'),
                                                                (95, 'Kiribati'),
                                                                (96, 'Kolombiya'),
                                                                (97, 'Komorlar'),
                                                                (98, 'Kongo'),
                                                                (99, 'Kongo Demokratik Cumhuriyeti'),
                                                                (100, 'Kosova'),
                                                                (101, 'Kosta Rika'),
                                                                (102, 'Kuveyt'),
                                                                (103, 'Kuzey Kıbrıs Türk Cumhuriyeti'),
                                                                (104, 'Kuzey Kore'),
                                                                (105, 'Küba'),
                                                                (106, 'Lakota Cumhuriyeti'),
                                                                (107, 'Laos'),
                                                                (108, 'Lesotho'),
                                                                (109, 'Letonya'),
                                                                (110, 'Liberya'),
                                                                (111, 'Libya'),
                                                                (112, 'Liechtenstein'),
                                                                (113, 'Litvanya'),
                                                                (114, 'Lübnan'),
                                                                (115, 'Lüksemburg'),
                                                                (116, 'Macaristan'),
                                                                (117, 'Madagaskar'),
                                                                (118, 'Makedonya Cumhuriyeti'),
                                                                (119, 'Malavi'),
                                                                (120, 'Maldivler'),
                                                                (121, 'Malezya'),
                                                                (122, 'Mali'),
                                                                (123, 'Malta'),
                                                                (124, 'Marshall Adaları'),
                                                                (125, 'Meksika'),
                                                                (126, 'Mısır'),
                                                                (127, 'Mikronezya'),
                                                                (128, 'Moğolistan'),
                                                                (129, 'Moldova'),
                                                                (130, 'Monako'),
                                                                (131, 'Moritanya'),
                                                                (132, 'Moritus'),
                                                                (133, 'Mozambik'),
                                                                (134, 'Myanmar'),
                                                                (135, 'Namibya'),
                                                                (136, 'Nauru'),
                                                                (137, 'Nepal'),
                                                                (138, 'Nikaragua'),
                                                                (139, 'Nijer'),
                                                                (140, 'Nijerya'),
                                                                (141, 'Norveç'),
                                                                (142, 'Orta Afrika Cumhuriyeti'),
                                                                (143, 'Özbekistan'),
                                                                (144, 'Pakistan'),
                                                                (145, 'Palau'),
                                                                (146, 'Panama'),
                                                                (147, 'Papua Yeni Gine'),
                                                                (148, 'Paraguay'),
                                                                (149, 'Peru'),
                                                                (150, 'Polonya'),
                                                                (151, 'Portekiz'),
                                                                (152, 'Romanya'),
                                                                (153, 'Ruanda'),
                                                                (154, 'Rusya Federasyonu'),
                                                                (155, 'Saint Kitts ve Nevis'),
                                                                (156, 'Saint Lucia'),
                                                                (157, 'Saint Vincent ve Grenadinler'),
                                                                (158, 'Samoa'),
                                                                (159, 'San Marino'),
                                                                (160, 'Sao Tome ve Principe'),
                                                                (161, 'Sealand'),
                                                                (162, 'Senegal'),
                                                                (163, 'Seyşeller'),
                                                                (164, 'Sırbistan'),
                                                                (165, 'Sierra Leone'),
                                                                (166, 'Singapur'),
                                                                (167, 'Slovakya'),
                                                                (168, 'Slovenya'),
                                                                (169, 'Solomon Adaları'),
                                                                (170, 'Somali'),
                                                                (171, 'Somaliland'),
                                                                (172, 'Sri Lanka'),
                                                                (173, 'Sudan'),
                                                                (174, 'Surinam'),
                                                                (175, 'Suudi Arabistan'),
                                                                (176, 'Suriye'),
                                                                (177, 'Svaziland'),
                                                                (178, 'Şili'),
                                                                (179, 'Tacikistan'),
                                                                (180, 'Tamil Eelam'),
                                                                (181, 'Tanzanya'),
                                                                (182, 'Tayland'),
                                                                (183, 'Tayvan'),
                                                                (184, 'Togo'),
                                                                (185, 'Tonga'),
                                                                (186, 'Transdinyester'),
                                                                (187, 'Trinidad ve Tobago'),
                                                                (188, 'Tunus'),
                                                                (189, 'Tuvalu'),
                                                                (190, 'Türkiye'),
                                                                (191, 'Türkmenistan'),
                                                                (192, 'Uganda'),
                                                                (193, 'Ukrayna'),
                                                                (194, 'Umman'),
                                                                (195, 'Uruguay'),
                                                                (196, 'Ürdün'),
                                                                (197, 'Vanuatu'),
                                                                (198, 'Vatikan'),
                                                                (199, 'Venezuela'),
                                                                (200, 'Vietnam'),
                                                                (201, 'Yemen'),
                                                                (202, 'Yeni Zelanda'),
                                                                (203, 'Yeşil Burun'),
                                                                (204, 'Yunanistan'),
                                                                (205, 'Zambiya'),
                                                                (206, 'Zimbabve');
--
-- Tablo için tablo yapısı `cities`
--

CREATE TABLE `cities` (
                          `id` int(2) UNSIGNED NOT NULL AUTO_INCREMENT,
                          `name` varchar(255) NOT NULL,
                          `country_id` tinyint(3) unsigned NOT NULL DEFAULT '190',
                          PRIMARY KEY (`id`),
                          INDEX `cities_name` (`name`)
) ENGINE=InnoDB DEFAULT CHARSET=utf8 COLLATE=utf8_general_ci;

--
-- Tablo döküm verisi `cities`
--

INSERT INTO `cities` (`id`, `name`) VALUES
                                         (1, 'ADANA'),
                                         (2, 'ADIYAMAN'),
                                         (3, 'AFYONKARAHİSAR'),
                                         (4, 'AĞRI'),
                                         (68, 'AKSARAY'),
                                         (5, 'AMASYA'),
                                         (6, 'ANKARA'),
                                         (7, 'ANTALYA'),
                                         (75, 'ARDAHAN'),
                                         (8, 'ARTVİN'),
                                         (9, 'AYDIN'),
                                         (10, 'BALIKESİR'),
                                         (74, 'BARTIN'),
                                         (72, 'BATMAN'),
                                         (69, 'BAYBURT'),
                                         (11, 'BİLECİK'),
                                         (12, 'BİNGÖL'),
                                         (13, 'BİTLİS'),
                                         (14, 'BOLU'),
                                         (15, 'BURDUR'),
                                         (16, 'BURSA'),
                                         (17, 'ÇANAKKALE'),
                                         (18, 'ÇANKIRI'),
                                         (19, 'ÇORUM'),
                                         (20, 'DENİZLİ'),
                                         (21, 'DİYARBAKIR'),
                                         (81, 'DÜZCE'),
                                         (22, 'EDİRNE'),
                                         (23, 'ELAZIĞ'),
                                         (24, 'ERZİNCAN'),
                                         (25, 'ERZURUM'),
                                         (26, 'ESKİŞEHİR'),
                                         (27, 'GAZİANTEP'),
                                         (28, 'GİRESUN'),
                                         (29, 'GÜMÜŞHANE'),
                                         (30, 'HAKKARİ'),
                                         (31, 'HATAY'),
                                         (76, 'IĞDIR'),
                                         (32, 'ISPARTA'),
                                         (34, 'İSTANBUL'),
                                         (35, 'İZMİR'),
                                         (46, 'KAHRAMANMARAŞ'),
                                         (78, 'KARABÜK'),
                                         (70, 'KARAMAN'),
                                         (36, 'KARS'),
                                         (37, 'KASTAMONU'),
                                         (38, 'KAYSERİ'),
                                         (79, 'KİLİS'),
                                         (71, 'KIRIKKALE'),
                                         (39, 'KIRKLARELİ'),
                                         (40, 'KIRŞEHİR'),
                                         (41, 'KOCAELİ'),
                                         (42, 'KONYA'),
                                         (43, 'KÜTAHYA'),
                                         (44, 'MALATYA'),
                                         (45, 'MANİSA'),
                                         (47, 'MARDİN'),
                                         (33, 'MERSİN(İÇEL)'),
                                         (48, 'MUĞLA'),
                                         (49, 'MUŞ'),
                                         (50, 'NEVŞEHİR'),
                                         (51, 'NİĞDE'),
                                         (52, 'ORDU'),
                                         (80, 'OSMANİYE'),
                                         (53, 'RİZE'),
                                         (54, 'SAKARYA'),
                                         (55, 'SAMSUN'),
                                         (63, 'ŞANLIURFA'),
                                         (56, 'SİİRT'),
                                         (57, 'SİNOP'),
                                         (73, 'ŞIRNAK'),
                                         (58, 'SİVAS'),
                                         (59, 'TEKİRDAĞ'),
                                         (60, 'TOKAT'),
                                         (61, 'TRABZON'),
                                         (62, 'TUNCELİ'),
                                         (64, 'UŞAK'),
                                         (65, 'VAN'),
                                         (77, 'YALOVA'),
                                         (66, 'YOZGAT'),
                                         (67, 'ZONGULDAK');

ALTER TABLE `cities`
    ADD CONSTRAINT `cities_country_id` FOREIGN KEY (`country_id`) REFERENCES `countries` (`id`) ON DELETE CASCADE ON UPDATE NO ACTION;
-- --------------------------------------------------------

--
-- Tablo için tablo yapısı `counties`
--

CREATE TABLE `counties` (
                            `id` int(10) UNSIGNED NOT NULL AUTO_INCREMENT,
                            `city_id` int(2) UNSIGNED NOT NULL,
                            `name` varchar(255) NOT NULL,
                            PRIMARY KEY (`id`)
) ENGINE=InnoDB DEFAULT CHARSET=utf8 COLLATE=utf8_general_ci;
--
-- Tablo kısıtlamaları `counties`
--
ALTER TABLE `counties`
    ADD CONSTRAINT `counties_cities_id` FOREIGN KEY (`city_id`) REFERENCES `cities` (`id`) ON DELETE CASCADE ON UPDATE NO ACTION;
COMMIT;
--
-- Tablo döküm verisi `counties`
--

INSERT INTO `counties` (`id`, `city_id`, `name`) VALUES
                                                      (1, 1, 'ALADAĞ(KARSANTI)'),
                                                      (2, 1, 'CEYHAN'),
                                                      (3, 1, 'ÇUKUROVA'),
                                                      (4, 1, 'FEKE'),
                                                      (5, 1, 'İMAMOĞLU'),
                                                      (6, 1, 'KARAİSALI'),
                                                      (7, 1, 'KARATAŞ'),
                                                      (8, 1, 'KOZAN'),
                                                      (9, 1, 'POZANTI'),
                                                      (10, 1, 'SAİMBEYLİ'),
                                                      (11, 1, 'SARIÇAM'),
                                                      (12, 1, 'SEYHAN'),
                                                      (13, 1, 'TUFANBEYLİ'),
                                                      (14, 1, 'YUMURTALIK'),
                                                      (15, 1, 'YÜREĞİR'),
                                                      (16, 2, 'ADIYAMAN'),
                                                      (17, 2, 'BESNİ'),
                                                      (18, 2, 'ÇELİKHAN'),
                                                      (19, 2, 'GERGER'),
                                                      (20, 2, 'GÖLBAŞI'),
                                                      (21, 2, 'KAHTA'),
                                                      (22, 2, 'SAMSAT'),
                                                      (23, 2, 'SİNCİK'),
                                                      (24, 2, 'TUT'),
                                                      (25, 3, 'AFYON'),
                                                      (26, 3, 'BAŞMAKÇI'),
                                                      (27, 3, 'BAYAT'),
                                                      (28, 3, 'BOLVADİN'),
                                                      (29, 3, 'ÇAY'),
                                                      (30, 3, 'ÇOBANLAR'),
                                                      (31, 3, 'DAZKIRI'),
                                                      (32, 3, 'DİNAR'),
                                                      (33, 3, 'EMİRDAĞ'),
                                                      (34, 3, 'EVCİLER'),
                                                      (35, 3, 'HOCALAR'),
                                                      (36, 3, 'İHSANİYE'),
                                                      (37, 3, 'İSCEHİSAR'),
                                                      (38, 3, 'KIZILÖREN'),
                                                      (39, 3, 'SANDIKLI'),
                                                      (40, 3, 'SİNCANLI(SİNANPAŞA)'),
                                                      (41, 3, 'SULTANDAĞI'),
                                                      (42, 3, 'ŞUHUT'),
                                                      (43, 4, 'AĞRI'),
                                                      (44, 4, 'DİYADİN'),
                                                      (45, 4, 'DOĞUBAYAZIT(DOĞUBEYAZIT)'),
                                                      (46, 4, 'ELEŞKİRT'),
                                                      (47, 4, 'HAMUR'),
                                                      (48, 4, 'PATNOS'),
                                                      (49, 4, 'TAŞLIÇAY'),
                                                      (50, 4, 'TUTAK'),
                                                      (51, 5, 'AMASYA'),
                                                      (52, 5, 'GÖYNÜCEK'),
                                                      (53, 5, 'GÜMÜŞHACIKÖY'),
                                                      (54, 5, 'HAMAMÖZÜ'),
                                                      (55, 5, 'MERZİFON'),
                                                      (56, 5, 'SULUOVA'),
                                                      (57, 5, 'TAŞOVA'),
                                                      (58, 6, 'AKYURT'),
                                                      (59, 6, 'ALTINDAĞ'),
                                                      (60, 6, 'AYAŞ'),
                                                      (61, 6, 'BALA'),
                                                      (62, 6, 'BEYPAZARI'),
                                                      (63, 6, 'ÇAMLIDERE'),
                                                      (64, 6, 'ÇANKAYA'),
                                                      (65, 6, 'ÇUBUK'),
                                                      (66, 6, 'ELMADAĞ'),
                                                      (67, 6, 'ETİMESGUT'),
                                                      (68, 6, 'EVREN'),
                                                      (69, 6, 'GÖLBAŞI'),
                                                      (70, 6, 'GÜDÜL'),
                                                      (71, 6, 'HAYMANA'),
                                                      (72, 6, 'KALECİK'),
                                                      (73, 6, 'KAZAN'),
                                                      (74, 6, 'KEÇİÖREN'),
                                                      (75, 6, 'KIZILCAHAMAM'),
                                                      (76, 6, 'MAMAK'),
                                                      (77, 6, 'NALLIHAN'),
                                                      (78, 6, 'POLATLI'),
                                                      (79, 6, 'PURSAKLAR'),
                                                      (80, 6, 'SİNCAN'),
                                                      (81, 6, 'ŞEREFLİKOÇHİSAR'),
                                                      (82, 6, 'YENİMAHALLE'),
                                                      (83, 7, 'AKSEKİ'),
                                                      (84, 7, 'AKSU'),
                                                      (85, 7, 'ALANYA'),
                                                      (86, 7, 'DEMRE(KALE)'),
                                                      (87, 7, 'DÖŞEMEALTI'),
                                                      (88, 7, 'ELMALI'),
                                                      (89, 7, 'FİNİKE'),
                                                      (90, 7, 'GAZİPAŞA'),
                                                      (91, 7, 'GÜNDOĞMUŞ'),
                                                      (92, 7, 'İBRADI(AYDINKENT)'),
                                                      (93, 7, 'KAŞ'),
                                                      (94, 7, 'KEMER'),
                                                      (95, 7, 'KEPEZ'),
                                                      (96, 7, 'KONYAALTI'),
                                                      (97, 7, 'KORKUTELİ'),
                                                      (98, 7, 'KUMLUCA'),
                                                      (99, 7, 'MANAVGAT'),
                                                      (100, 7, 'MURATPAŞA'),
                                                      (101, 7, 'SERİK'),
                                                      (102, 8, 'ARDANUÇ'),
                                                      (103, 8, 'ARHAVİ'),
                                                      (104, 8, 'ARTVİN'),
                                                      (105, 8, 'BORÇKA'),
                                                      (106, 8, 'HOPA'),
                                                      (107, 8, 'MURGUL(GÖKTAŞ)'),
                                                      (108, 8, 'ŞAVŞAT'),
                                                      (109, 8, 'YUSUFELİ'),
                                                      (110, 9, 'AYDIN'),
                                                      (111, 9, 'BOZDOĞAN'),
                                                      (112, 9, 'BUHARKENT(ÇUBUKDAĞI)'),
                                                      (113, 9, 'ÇİNE'),
                                                      (114, 9, 'DİDİM(YENİHİSAR)'),
                                                      (115, 9, 'GERMENCİK'),
                                                      (116, 9, 'İNCİRLİOVA'),
                                                      (117, 9, 'KARACASU'),
                                                      (118, 9, 'KARPUZLU'),
                                                      (119, 9, 'KOÇARLI'),
                                                      (120, 9, 'KÖŞK'),
                                                      (121, 9, 'KUŞADASI'),
                                                      (122, 9, 'KUYUCAK'),
                                                      (123, 9, 'NAZİLLİ'),
                                                      (124, 9, 'SÖKE'),
                                                      (125, 9, 'SULTANHİSAR'),
                                                      (126, 9, 'YENİPAZAR'),
                                                      (127, 10, 'AYVALIK'),
                                                      (128, 10, 'BALIKESİR'),
                                                      (129, 10, 'BALYA'),
                                                      (130, 10, 'BANDIRMA'),
                                                      (131, 10, 'BİGADİÇ'),
                                                      (132, 10, 'BURHANİYE'),
                                                      (133, 10, 'DURSUNBEY'),
                                                      (134, 10, 'EDREMİT'),
                                                      (135, 10, 'ERDEK'),
                                                      (136, 10, 'GÖMEÇ'),
                                                      (137, 10, 'GÖNEN'),
                                                      (138, 10, 'HAVRAN'),
                                                      (139, 10, 'İVRİNDİ'),
                                                      (140, 10, 'KEPSUT'),
                                                      (141, 10, 'MANYAS'),
                                                      (142, 10, 'MARMARA'),
                                                      (143, 10, 'SAVAŞTEPE'),
                                                      (144, 10, 'SINDIRGI'),
                                                      (145, 10, 'SUSURLUK'),
                                                      (146, 11, 'BİLECİK'),
                                                      (147, 11, 'BOZÜYÜK'),
                                                      (148, 11, 'GÖLPAZARI'),
                                                      (149, 11, 'İNHİSAR'),
                                                      (150, 11, 'OSMANELİ'),
                                                      (151, 11, 'PAZARYERİ'),
                                                      (152, 11, 'SÖĞÜT'),
                                                      (153, 11, 'YENİPAZAR'),
                                                      (154, 12, 'ADAKLI'),
                                                      (155, 12, 'BİNGÖL'),
                                                      (156, 12, 'GENÇ'),
                                                      (157, 12, 'KARLIOVA'),
                                                      (158, 12, 'KİĞI'),
                                                      (159, 12, 'SOLHAN'),
                                                      (160, 12, 'YAYLADERE'),
                                                      (161, 12, 'YEDİSU'),
                                                      (162, 13, 'ADİLCEVAZ'),
                                                      (163, 13, 'AHLAT'),
                                                      (164, 13, 'BİTLİS'),
                                                      (165, 13, 'GÜROYMAK'),
                                                      (166, 13, 'HİZAN'),
                                                      (167, 13, 'MUTKİ'),
                                                      (168, 13, 'TATVAN'),
                                                      (169, 14, 'BOLU'),
                                                      (170, 14, 'DÖRTDİVAN'),
                                                      (171, 14, 'GEREDE'),
                                                      (172, 14, 'GÖYNÜK'),
                                                      (173, 14, 'KIBRISCIK'),
                                                      (174, 14, 'MENGEN'),
                                                      (175, 14, 'MUDURNU'),
                                                      (176, 14, 'SEBEN'),
                                                      (177, 14, 'YENİÇAĞA'),
                                                      (178, 15, 'AĞLASUN'),
                                                      (179, 15, 'ALTINYAYLA(DİRMİL)'),
                                                      (180, 15, 'BUCAK'),
                                                      (181, 15, 'BURDUR'),
                                                      (182, 15, 'ÇAVDIR'),
                                                      (183, 15, 'ÇELTİKÇİ'),
                                                      (184, 15, 'GÖLHİSAR'),
                                                      (185, 15, 'KARAMANLI'),
                                                      (186, 15, 'KEMER'),
                                                      (187, 15, 'TEFENNİ'),
                                                      (188, 15, 'YEŞİLOVA'),
                                                      (189, 16, 'BÜYÜKORHAN'),
                                                      (190, 16, 'GEMLİK'),
                                                      (191, 16, 'GÜRSU'),
                                                      (192, 16, 'HARMANCIK'),
                                                      (193, 16, 'İNEGÖL'),
                                                      (194, 16, 'İZNİK'),
                                                      (195, 16, 'KARACABEY'),
                                                      (196, 16, 'KELES'),
                                                      (197, 16, 'KESTEL'),
                                                      (198, 16, 'MUDANYA'),
                                                      (199, 16, 'MUSTAFAKEMALPAŞA'),
                                                      (200, 16, 'NİLÜFER'),
                                                      (201, 16, 'ORHANELİ'),
                                                      (202, 16, 'ORHANGAZİ'),
                                                      (203, 16, 'OSMANGAZİ'),
                                                      (204, 16, 'YENİŞEHİR'),
                                                      (205, 16, 'YILDIRIM'),
                                                      (206, 17, 'AYVACIK'),
                                                      (207, 17, 'BAYRAMİÇ'),
                                                      (208, 17, 'BİGA'),
                                                      (209, 17, 'BOZCAADA'),
                                                      (210, 17, 'ÇAN'),
                                                      (211, 17, 'ÇANAKKALE'),
                                                      (212, 17, 'ECEABAT'),
                                                      (213, 17, 'EZİNE'),
                                                      (214, 17, 'GELİBOLU'),
                                                      (215, 17, 'GÖKÇEADA(İMROZ)'),
                                                      (216, 17, 'LAPSEKİ'),
                                                      (217, 17, 'YENİCE'),
                                                      (218, 18, 'ATKARACALAR'),
                                                      (219, 18, 'BAYRAMÖREN'),
                                                      (220, 18, 'ÇANKIRI'),
                                                      (221, 18, 'ÇERKEŞ'),
                                                      (222, 18, 'ELDİVAN'),
                                                      (223, 18, 'ILGAZ'),
                                                      (224, 18, 'KIZILIRMAK'),
                                                      (225, 18, 'KORGUN'),
                                                      (226, 18, 'KURŞUNLU'),
                                                      (227, 18, 'ORTA'),
                                                      (228, 18, 'ŞABANÖZÜ'),
                                                      (229, 18, 'YAPRAKLI'),
                                                      (230, 19, 'ALACA'),
                                                      (231, 19, 'BAYAT'),
                                                      (232, 19, 'BOĞAZKALE'),
                                                      (233, 19, 'ÇORUM'),
                                                      (234, 19, 'DODURGA'),
                                                      (235, 19, 'İSKİLİP'),
                                                      (236, 19, 'KARGI'),
                                                      (237, 19, 'LAÇİN'),
                                                      (238, 19, 'MECİTÖZÜ'),
                                                      (239, 19, 'OĞUZLAR(KARAÖREN)'),
                                                      (240, 19, 'ORTAKÖY'),
                                                      (241, 19, 'OSMANCIK'),
                                                      (242, 19, 'SUNGURLU'),
                                                      (243, 19, 'UĞURLUDAĞ'),
                                                      (244, 20, 'ACIPAYAM'),
                                                      (245, 20, 'AKKÖY'),
                                                      (246, 20, 'BABADAĞ'),
                                                      (247, 20, 'BAKLAN'),
                                                      (248, 20, 'BEKİLLİ'),
                                                      (249, 20, 'BEYAĞAÇ'),
                                                      (250, 20, 'BOZKURT'),
                                                      (251, 20, 'BULDAN'),
                                                      (252, 20, 'ÇAL'),
                                                      (253, 20, 'ÇAMELİ'),
                                                      (254, 20, 'ÇARDAK'),
                                                      (255, 20, 'ÇİVRİL'),
                                                      (256, 20, 'DENİZLİ'),
                                                      (257, 20, 'GÜNEY'),
                                                      (258, 20, 'HONAZ'),
                                                      (259, 20, 'KALE'),
                                                      (260, 20, 'SARAYKÖY'),
                                                      (261, 20, 'SERİNHİSAR'),
                                                      (262, 20, 'TAVAS'),
                                                      (263, 21, 'BAĞLAR'),
                                                      (264, 21, 'BİSMİL'),
                                                      (265, 21, 'ÇERMİK'),
                                                      (266, 21, 'ÇINAR'),
                                                      (267, 21, 'ÇÜNGÜŞ'),
                                                      (268, 21, 'DİCLE'),
                                                      (269, 21, 'EĞİL'),
                                                      (270, 21, 'ERGANİ'),
                                                      (271, 21, 'HANİ'),
                                                      (272, 21, 'HAZRO'),
                                                      (273, 21, 'KAYAPINAR'),
                                                      (274, 21, 'KOCAKÖY'),
                                                      (275, 21, 'KULP'),
                                                      (276, 21, 'LİCE'),
                                                      (277, 21, 'SİLVAN'),
                                                      (278, 21, 'SUR'),
                                                      (279, 21, 'YENİŞEHİR'),
                                                      (280, 22, 'EDİRNE'),
                                                      (281, 22, 'ENEZ'),
                                                      (282, 22, 'HAVSA'),
                                                      (283, 22, 'İPSALA'),
                                                      (284, 22, 'KEŞAN'),
                                                      (285, 22, 'LALAPAŞA'),
                                                      (286, 22, 'MERİÇ'),
                                                      (287, 22, 'SÜLOĞLU(SÜLEOĞLU)'),
                                                      (288, 22, 'UZUNKÖPRÜ'),
                                                      (289, 23, 'AĞIN'),
                                                      (290, 23, 'ALACAKAYA'),
                                                      (291, 23, 'ARICAK'),
                                                      (292, 23, 'BASKİL'),
                                                      (293, 23, 'ELAZIĞ'),
                                                      (294, 23, 'KARAKOÇAN'),
                                                      (295, 23, 'KEBAN'),
                                                      (296, 23, 'KOVANCILAR'),
                                                      (297, 23, 'MADEN'),
                                                      (298, 23, 'PALU'),
                                                      (299, 23, 'SİVRİCE'),
                                                      (300, 24, 'ÇAYIRLI'),
                                                      (301, 24, 'ERZİNCAN'),
                                                      (302, 24, 'ILIÇ(İLİÇ)'),
                                                      (303, 24, 'KEMAH'),
                                                      (304, 24, 'KEMALİYE'),
                                                      (305, 24, 'OTLUKBELİ'),
                                                      (306, 24, 'REFAHİYE'),
                                                      (307, 24, 'TERCAN'),
                                                      (308, 24, 'ÜZÜMLÜ'),
                                                      (309, 25, 'AŞKALE'),
                                                      (310, 25, 'AZİZİYE(ILICA)'),
                                                      (311, 25, 'ÇAT'),
                                                      (312, 25, 'HINIS'),
                                                      (313, 25, 'HORASAN'),
                                                      (314, 25, 'İSPİR'),
                                                      (315, 25, 'KARAÇOBAN'),
                                                      (316, 25, 'KARAYAZI'),
                                                      (317, 25, 'KÖPRÜKÖY'),
                                                      (318, 25, 'NARMAN'),
                                                      (319, 25, 'OLTU'),
                                                      (320, 25, 'OLUR'),
                                                      (321, 25, 'PALANDÖKEN'),
                                                      (322, 25, 'PASİNLER'),
                                                      (323, 25, 'PAZARYOLU'),
                                                      (324, 25, 'ŞENKAYA'),
                                                      (325, 25, 'TEKMAN'),
                                                      (326, 25, 'TORTUM'),
                                                      (327, 25, 'UZUNDERE'),
                                                      (328, 25, 'YAKUTİYE'),
                                                      (329, 26, 'ALPU'),
                                                      (330, 26, 'BEYLİKOVA'),
                                                      (331, 26, 'ÇİFTELER'),
                                                      (332, 26, 'GÜNYÜZÜ'),
                                                      (333, 26, 'HAN'),
                                                      (334, 26, 'İNÖNÜ'),
                                                      (335, 26, 'MAHMUDİYE'),
                                                      (336, 26, 'MİHALGAZİ'),
                                                      (337, 26, 'MİHALIÇÇIK'),
                                                      (338, 26, 'ODUNPAZARI'),
                                                      (339, 26, 'SARICAKAYA'),
                                                      (340, 26, 'SEYİTGAZİ'),
                                                      (341, 26, 'SİVRİHİSAR'),
                                                      (342, 26, 'TEPEBAŞI'),
                                                      (343, 27, 'ARABAN'),
                                                      (344, 27, 'İSLAHİYE'),
                                                      (345, 27, 'KARKAMIŞ'),
                                                      (346, 27, 'NİZİP'),
                                                      (347, 27, 'NURDAĞI'),
                                                      (348, 27, 'OĞUZELİ'),
                                                      (349, 27, 'ŞAHİNBEY'),
                                                      (350, 27, 'ŞEHİTKAMİL'),
                                                      (351, 27, 'YAVUZELİ'),
                                                      (352, 28, 'ALUCRA'),
                                                      (353, 28, 'BULANCAK'),
                                                      (354, 28, 'ÇAMOLUK'),
                                                      (355, 28, 'ÇANAKÇI'),
                                                      (356, 28, 'DERELİ'),
                                                      (357, 28, 'DOĞANKENT'),
                                                      (358, 28, 'ESPİYE'),
                                                      (359, 28, 'EYNESİL'),
                                                      (360, 28, 'GİRESUN'),
                                                      (361, 28, 'GÖRELE'),
                                                      (362, 28, 'GÜCE'),
                                                      (363, 28, 'KEŞAP'),
                                                      (364, 28, 'PİRAZİZ'),
                                                      (365, 28, 'ŞEBİNKARAHİSAR'),
                                                      (366, 28, 'TİREBOLU'),
                                                      (367, 28, 'YAĞLIDERE'),
                                                      (368, 29, 'GÜMÜŞHANE'),
                                                      (369, 29, 'KELKİT'),
                                                      (370, 29, 'KÖSE'),
                                                      (371, 29, 'KÜRTÜN'),
                                                      (372, 29, 'ŞİRAN'),
                                                      (373, 29, 'TORUL'),
                                                      (374, 30, 'ÇUKURCA'),
                                                      (375, 30, 'HAKKARİ'),
                                                      (376, 30, 'ŞEMDİNLİ'),
                                                      (377, 30, 'YÜKSEKOVA'),
                                                      (378, 31, 'ALTINÖZÜ'),
                                                      (379, 31, 'ANTAKYA'),
                                                      (380, 31, 'BELEN'),
                                                      (381, 31, 'DÖRTYOL'),
                                                      (382, 31, 'ERZİN'),
                                                      (383, 31, 'HASSA'),
                                                      (384, 31, 'İSKENDERUN'),
                                                      (385, 31, 'KIRIKHAN'),
                                                      (386, 31, 'KUMLU'),
                                                      (387, 31, 'REYHANLI'),
                                                      (388, 31, 'SAMANDAĞ'),
                                                      (389, 31, 'YAYLADAĞI'),
                                                      (390, 32, 'AKSU'),
                                                      (391, 32, 'ATABEY'),
                                                      (392, 32, 'EĞİRDİR(EĞRİDİR)'),
                                                      (393, 32, 'GELENDOST'),
                                                      (394, 32, 'GÖNEN'),
                                                      (395, 32, 'ISPARTA'),
                                                      (396, 32, 'KEÇİBORLU'),
                                                      (397, 32, 'SENİRKENT'),
                                                      (398, 32, 'SÜTÇÜLER'),
                                                      (399, 32, 'ŞARKİKARAAĞAÇ'),
                                                      (400, 32, 'ULUBORLU'),
                                                      (401, 32, 'YALVAÇ'),
                                                      (402, 32, 'YENİŞARBADEMLİ'),
                                                      (403, 33, 'AKDENİZ'),
                                                      (404, 33, 'ANAMUR'),
                                                      (405, 33, 'AYDINCIK'),
                                                      (406, 33, 'BOZYAZI'),
                                                      (407, 33, 'ÇAMLIYAYLA'),
                                                      (408, 33, 'ERDEMLİ'),
                                                      (409, 33, 'GÜLNAR (GÜLPINAR)'),
                                                      (410, 33, 'MEZİTLİ'),
                                                      (411, 33, 'MUT'),
                                                      (412, 33, 'SİLİFKE'),
                                                      (413, 33, 'TARSUS'),
                                                      (414, 33, 'TOROSLAR'),
                                                      (415, 33, 'YENİŞEHİR'),
                                                      (416, 34, 'ADALAR'),
                                                      (417, 34, 'ARNAVUTKÖY'),
                                                      (418, 34, 'ATAŞEHİR'),
                                                      (419, 34, 'AVCILAR'),
                                                      (420, 34, 'BAĞCILAR'),
                                                      (421, 34, 'BAHÇELİEVLER'),
                                                      (422, 34, 'BAKIRKÖY'),
                                                      (423, 34, 'BAŞAKŞEHİR'),
                                                      (424, 34, 'BAYRAMPAŞA'),
                                                      (425, 34, 'BEŞİKTAŞ'),
                                                      (426, 34, 'BEYKOZ'),
                                                      (427, 34, 'BEYLİKDÜZÜ'),
                                                      (428, 34, 'BEYOĞLU'),
                                                      (429, 34, 'BÜYÜKÇEKMECE'),
                                                      (430, 34, 'ÇATALCA'),
                                                      (431, 34, 'ÇEKMEKÖY'),
                                                      (432, 34, 'ESENLER'),
                                                      (433, 34, 'ESENYURT'),
                                                      (434, 34, 'EYÜP'),
                                                      (435, 34, 'FATİH'),
                                                      (436, 34, 'GAZİOSMANPAŞA'),
                                                      (437, 34, 'GÜNGÖREN'),
                                                      (438, 34, 'KADIKÖY'),
                                                      (439, 34, 'KAĞITHANE'),
                                                      (440, 34, 'KARTAL'),
                                                      (441, 34, 'KÜÇÜKÇEKMECE'),
                                                      (442, 34, 'MALTEPE'),
                                                      (443, 34, 'PENDİK'),
                                                      (444, 34, 'SANCAKTEPE'),
                                                      (445, 34, 'SARIYER'),
                                                      (446, 34, 'SİLİVRİ'),
                                                      (447, 34, 'SULTANBEYLİ'),
                                                      (448, 34, 'SULTANGAZİ'),
                                                      (449, 34, 'ŞİLE'),
                                                      (450, 34, 'ŞİŞLİ'),
                                                      (451, 34, 'TUZLA'),
                                                      (452, 34, 'ÜMRANİYE'),
                                                      (453, 34, 'ÜSKÜDAR'),
                                                      (454, 34, 'ZEYTİNBURNU'),
                                                      (455, 35, 'ALİAĞA'),
                                                      (456, 35, 'BALÇOVA'),
                                                      (457, 35, 'BAYINDIR'),
                                                      (458, 35, 'BAYRAKLI'),
                                                      (459, 35, 'BERGAMA'),
                                                      (460, 35, 'BEYDAĞ'),
                                                      (461, 35, 'BORNOVA'),
                                                      (462, 35, 'BUCA'),
                                                      (463, 35, 'ÇEŞME'),
                                                      (464, 35, 'ÇİĞLİ'),
                                                      (465, 35, 'DİKİLİ'),
                                                      (466, 35, 'FOÇA'),
                                                      (467, 35, 'GAZİEMİR'),
                                                      (468, 35, 'GÜZELBAHÇE'),
                                                      (469, 35, 'KARABAĞLAR'),
                                                      (470, 35, 'KARABURUN'),
                                                      (471, 35, 'KARŞIYAKA'),
                                                      (472, 35, 'KEMALPAŞA'),
                                                      (473, 35, 'KINIK'),
                                                      (474, 35, 'KİRAZ'),
                                                      (475, 35, 'KONAK'),
                                                      (476, 35, 'MENDERES(CUMAOVASI)'),
                                                      (477, 35, 'MENEMEN'),
                                                      (478, 35, 'NARLIDERE'),
                                                      (479, 35, 'ÖDEMİŞ'),
                                                      (480, 35, 'SEFERİHİSAR'),
                                                      (481, 35, 'SELÇUK'),
                                                      (482, 35, 'TİRE'),
                                                      (483, 35, 'TORBALI'),
                                                      (484, 35, 'URLA'),
                                                      (485, 36, 'AKYAKA'),
                                                      (486, 36, 'ARPAÇAY'),
                                                      (487, 36, 'DİGOR'),
                                                      (488, 36, 'KAĞIZMAN'),
                                                      (489, 36, 'KARS'),
                                                      (490, 36, 'SARIKAMIŞ'),
                                                      (491, 36, 'SELİM'),
                                                      (492, 36, 'SUSUZ'),
                                                      (493, 37, 'ABANA'),
                                                      (494, 37, 'AĞLI'),
                                                      (495, 37, 'ARAÇ'),
                                                      (496, 37, 'AZDAVAY'),
                                                      (497, 37, 'BOZKURT'),
                                                      (498, 37, 'CİDE'),
                                                      (499, 37, 'ÇATALZEYTİN'),
                                                      (500, 37, 'DADAY'),
                                                      (501, 37, 'DEVREKANİ'),
                                                      (502, 37, 'DOĞANYURT'),
                                                      (503, 37, 'HANÖNÜ(GÖKÇEAĞAÇ)'),
                                                      (504, 37, 'İHSANGAZİ'),
                                                      (505, 37, 'İNEBOLU'),
                                                      (506, 37, 'KASTAMONU'),
                                                      (507, 37, 'KÜRE'),
                                                      (508, 37, 'PINARBAŞI'),
                                                      (509, 37, 'SEYDİLER'),
                                                      (510, 37, 'ŞENPAZAR'),
                                                      (511, 37, 'TAŞKÖPRÜ'),
                                                      (512, 37, 'TOSYA'),
                                                      (513, 38, 'AKKIŞLA'),
                                                      (514, 38, 'BÜNYAN'),
                                                      (515, 38, 'DEVELİ'),
                                                      (516, 38, 'FELAHİYE'),
                                                      (517, 38, 'HACILAR'),
                                                      (518, 38, 'İNCESU'),
                                                      (519, 38, 'KOCASİNAN'),
                                                      (520, 38, 'MELİKGAZİ'),
                                                      (521, 38, 'ÖZVATAN(ÇUKUR)'),
                                                      (522, 38, 'PINARBAŞI'),
                                                      (523, 38, 'SARIOĞLAN'),
                                                      (524, 38, 'SARIZ'),
                                                      (525, 38, 'TALAS'),
                                                      (526, 38, 'TOMARZA'),
                                                      (527, 38, 'YAHYALI'),
                                                      (528, 38, 'YEŞİLHİSAR'),
                                                      (529, 39, 'BABAESKİ'),
                                                      (530, 39, 'DEMİRKÖY'),
                                                      (531, 39, 'KIRKLARELİ'),
                                                      (532, 39, 'KOFÇAZ'),
                                                      (533, 39, 'LÜLEBURGAZ'),
                                                      (534, 39, 'PEHLİVANKÖY'),
                                                      (535, 39, 'PINARHİSAR'),
                                                      (536, 39, 'VİZE'),
                                                      (537, 40, 'AKÇAKENT'),
                                                      (538, 40, 'AKPINAR'),
                                                      (539, 40, 'BOZTEPE'),
                                                      (540, 40, 'ÇİÇEKDAĞI'),
                                                      (541, 40, 'KAMAN'),
                                                      (542, 40, 'KIRŞEHİR'),
                                                      (543, 40, 'MUCUR'),
                                                      (544, 41, 'BAŞİSKELE'),
                                                      (545, 41, 'ÇAYIROVA'),
                                                      (546, 41, 'DARICA'),
                                                      (547, 41, 'DERİNCE'),
                                                      (548, 41, 'DİLOVASI'),
                                                      (549, 41, 'GEBZE'),
                                                      (550, 41, 'GÖLCÜK'),
                                                      (551, 41, 'İZMİT'),
                                                      (552, 41, 'KANDIRA'),
                                                      (553, 41, 'KARAMÜRSEL'),
                                                      (554, 41, 'KARTEPE'),
                                                      (555, 41, 'KÖRFEZ(TÜTÜNÇİFTLİK)'),
                                                      (556, 42, 'AHIRLI'),
                                                      (557, 42, 'AKÖREN'),
                                                      (558, 42, 'AKŞEHİR'),
                                                      (559, 42, 'ALTINEKİN'),
                                                      (560, 42, 'BEYŞEHİR'),
                                                      (561, 42, 'BOZKIR'),
                                                      (562, 42, 'CİHANBEYLİ'),
                                                      (563, 42, 'ÇELTİK'),
                                                      (564, 42, 'ÇUMRA'),
                                                      (565, 42, 'DERBENT'),
                                                      (566, 42, 'DEREBUCAK'),
                                                      (567, 42, 'DOĞANHİSAR'),
                                                      (568, 42, 'EMİRGAZİ'),
                                                      (569, 42, 'EREĞLİ'),
                                                      (570, 42, 'GÜNEYSINIR'),
                                                      (571, 42, 'HADİM'),
                                                      (572, 42, 'HALKAPINAR'),
                                                      (573, 42, 'HÜYÜK'),
                                                      (574, 42, 'ILGIN'),
                                                      (575, 42, 'KADINHANI'),
                                                      (576, 42, 'KARAPINAR'),
                                                      (577, 42, 'KARATAY'),
                                                      (578, 42, 'KULU'),
                                                      (579, 42, 'MERAM'),
                                                      (580, 42, 'SARAYÖNÜ'),
                                                      (581, 42, 'SELÇUKLU'),
                                                      (582, 42, 'SEYDİŞEHİR'),
                                                      (583, 42, 'TAŞKENT'),
                                                      (584, 42, 'TUZLUKÇU'),
                                                      (585, 42, 'YALIHÜYÜK'),
                                                      (586, 42, 'YUNAK'),
                                                      (587, 43, 'ALTINTAŞ'),
                                                      (588, 43, 'ASLANAPA'),
                                                      (589, 43, 'ÇAVDARHİSAR'),
                                                      (590, 43, 'DOMANİÇ'),
                                                      (591, 43, 'DUMLUPINAR'),
                                                      (592, 43, 'EMET'),
                                                      (593, 43, 'GEDİZ'),
                                                      (594, 43, 'HİSARCIK'),
                                                      (595, 43, 'KÜTAHYA'),
                                                      (596, 43, 'PAZARLAR'),
                                                      (597, 43, 'SİMAV'),
                                                      (598, 43, 'ŞAPHANE'),
                                                      (599, 43, 'TAVŞANLI'),
                                                      (600, 44, 'AKÇADAĞ'),
                                                      (601, 44, 'ARAPKİR(ARAPGİR)'),
                                                      (602, 44, 'ARGUVAN'),
                                                      (603, 44, 'BATTALGAZİ'),
                                                      (604, 44, 'DARENDE'),
                                                      (605, 44, 'DOĞANŞEHİR'),
                                                      (606, 44, 'DOĞANYOL'),
                                                      (607, 44, 'HEKİMHAN'),
                                                      (608, 44, 'KALE'),
                                                      (609, 44, 'KULUNCAK'),
                                                      (610, 44, 'MALATYA'),
                                                      (611, 44, 'PÜTÜRGE(PÖTÜRGE)'),
                                                      (612, 44, 'YAZIHAN'),
                                                      (613, 44, 'YEŞİLYURT'),
                                                      (614, 45, 'AHMETLİ'),
                                                      (615, 45, 'AKHİSAR'),
                                                      (616, 45, 'ALAŞEHİR'),
                                                      (617, 45, 'DEMİRCİ'),
                                                      (618, 45, 'GÖLMARMARA'),
                                                      (619, 45, 'GÖRDES'),
                                                      (620, 45, 'KIRKAĞAÇ'),
                                                      (621, 45, 'KÖPRÜBAŞI'),
                                                      (622, 45, 'KULA'),
                                                      (623, 45, 'MANİSA'),
                                                      (624, 45, 'SALİHLİ'),
                                                      (625, 45, 'SARIGÖL'),
                                                      (626, 45, 'SARUHANLI'),
                                                      (627, 45, 'SELENDİ'),
                                                      (628, 45, 'SOMA'),
                                                      (629, 45, 'TURGUTLU'),
                                                      (630, 46, 'AFŞİN'),
                                                      (631, 46, 'ANDIRIN'),
                                                      (632, 46, 'ÇAĞLIYANCERİT'),
                                                      (633, 46, 'EKİNÖZÜ'),
                                                      (634, 46, 'ELBİSTAN'),
                                                      (635, 46, 'GÖKSUN'),
                                                      (636, 46, 'KAHRAMANMARAŞ'),
                                                      (637, 46, 'NURHAK'),
                                                      (638, 46, 'PAZARCIK'),
                                                      (639, 46, 'TÜRKOĞLU'),
                                                      (640, 47, 'DARGEÇİT'),
                                                      (641, 47, 'DERİK'),
                                                      (642, 47, 'KIZILTEPE'),
                                                      (643, 47, 'MARDİN'),
                                                      (644, 47, 'MAZIDAĞI'),
                                                      (645, 47, 'MİDYAT(ESTEL)'),
                                                      (646, 47, 'NUSAYBİN'),
                                                      (647, 47, 'ÖMERLİ'),
                                                      (648, 47, 'SAVUR'),
                                                      (649, 47, 'YEŞİLLİ'),
                                                      (650, 48, 'BODRUM'),
                                                      (651, 48, 'DALAMAN'),
                                                      (652, 48, 'DATÇA'),
                                                      (653, 48, 'FETHİYE'),
                                                      (654, 48, 'KAVAKLIDERE'),
                                                      (655, 48, 'KÖYCEĞİZ'),
                                                      (656, 48, 'MARMARİS'),
                                                      (657, 48, 'MİLAS'),
                                                      (658, 48, 'MUĞLA'),
                                                      (659, 48, 'ORTACA'),
                                                      (660, 48, 'ULA'),
                                                      (661, 48, 'YATAĞAN'),
                                                      (662, 49, 'BULANIK'),
                                                      (663, 49, 'HASKÖY'),
                                                      (664, 49, 'KORKUT'),
                                                      (665, 49, 'MALAZGİRT'),
                                                      (666, 49, 'MUŞ'),
                                                      (667, 49, 'VARTO'),
                                                      (668, 50, 'ACIGÖL'),
                                                      (669, 50, 'AVANOS'),
                                                      (670, 50, 'DERİNKUYU'),
                                                      (671, 50, 'GÜLŞEHİR'),
                                                      (672, 50, 'HACIBEKTAŞ'),
                                                      (673, 50, 'KOZAKLI'),
                                                      (674, 50, 'NEVŞEHİR'),
                                                      (675, 50, 'ÜRGÜP'),
                                                      (676, 51, 'ALTUNHİSAR'),
                                                      (677, 51, 'BOR'),
                                                      (678, 51, 'ÇAMARDI'),
                                                      (679, 51, 'ÇİFTLİK(ÖZYURT)'),
                                                      (680, 51, 'NİĞDE'),
                                                      (681, 51, 'ULUKIŞLA'),
                                                      (682, 52, 'AKKUŞ'),
                                                      (683, 52, 'AYBASTI'),
                                                      (684, 52, 'ÇAMAŞ'),
                                                      (685, 52, 'ÇATALPINAR'),
                                                      (686, 52, 'ÇAYBAŞI'),
                                                      (687, 52, 'FATSA'),
                                                      (688, 52, 'GÖLKÖY'),
                                                      (689, 52, 'GÜLYALI'),
                                                      (690, 52, 'GÜRGENTEPE'),
                                                      (691, 52, 'İKİZCE'),
                                                      (692, 52, 'KABADÜZ(KARADÜZ)'),
                                                      (693, 52, 'KABATAŞ'),
                                                      (694, 52, 'KORGAN'),
                                                      (695, 52, 'KUMRU'),
                                                      (696, 52, 'MESUDİYE'),
                                                      (697, 52, 'ORDU'),
                                                      (698, 52, 'PERŞEMBE'),
                                                      (699, 52, 'ULUBEY'),
                                                      (700, 52, 'ÜNYE'),
                                                      (701, 53, 'ARDEŞEN'),
                                                      (702, 53, 'ÇAMLIHEMŞİN'),
                                                      (703, 53, 'ÇAYELİ'),
                                                      (704, 53, 'DEREPAZARI'),
                                                      (705, 53, 'FINDIKLI'),
                                                      (706, 53, 'GÜNEYSU'),
                                                      (707, 53, 'HEMŞİN'),
                                                      (708, 53, 'İKİZDERE'),
                                                      (709, 53, 'İYİDERE'),
                                                      (710, 53, 'KALKANDERE'),
                                                      (711, 53, 'PAZAR'),
                                                      (712, 53, 'RİZE'),
                                                      (713, 54, 'ADAPAZARI'),
                                                      (714, 54, 'AKYAZI'),
                                                      (715, 54, 'ARİFİYE'),
                                                      (716, 54, 'ERENLER'),
                                                      (717, 54, 'FERİZLİ'),
                                                      (718, 54, 'GEYVE'),
                                                      (719, 54, 'HENDEK'),
                                                      (720, 54, 'KARAPÜRÇEK'),
                                                      (721, 54, 'KARASU'),
                                                      (722, 54, 'KAYNARCA'),
                                                      (723, 54, 'KOCAALİ'),
                                                      (724, 54, 'PAMUKOVA'),
                                                      (725, 54, 'SAPANCA'),
                                                      (726, 54, 'SERDİVAN'),
                                                      (727, 54, 'SÖĞÜTLÜ'),
                                                      (728, 54, 'TARAKLI'),
                                                      (729, 55, 'ALAÇAM'),
                                                      (730, 55, 'ASARCIK'),
                                                      (731, 55, 'ATAKUM'),
                                                      (732, 55, 'AYVACIK'),
                                                      (733, 55, 'BAFRA'),
                                                      (734, 55, 'CANİK'),
                                                      (735, 55, 'ÇARŞAMBA'),
                                                      (736, 55, 'HAVZA'),
                                                      (737, 55, 'İLKADIM'),
                                                      (738, 55, 'KAVAK'),
                                                      (739, 55, 'LADİK'),
                                                      (740, 55, 'ONDOKUZMAYIS(BALLICA)'),
                                                      (741, 55, 'SALIPAZARI'),
                                                      (742, 55, 'TEKKEKÖY'),
                                                      (743, 55, 'TERME'),
                                                      (744, 55, 'VEZİRKÖPRÜ'),
                                                      (745, 55, 'YAKAKENT'),
                                                      (746, 56, 'AYDINLAR'),
                                                      (747, 56, 'BAYKAN'),
                                                      (748, 56, 'ERUH'),
                                                      (749, 56, 'KURTALAN'),
                                                      (750, 56, 'PERVARİ'),
                                                      (751, 56, 'SİİRT'),
                                                      (752, 56, 'ŞİRVAN'),
                                                      (753, 57, 'AYANCIK'),
                                                      (754, 57, 'BOYABAT'),
                                                      (755, 57, 'DİKMEN'),
                                                      (756, 57, 'DURAĞAN'),
                                                      (757, 57, 'ERFELEK'),
                                                      (758, 57, 'GERZE'),
                                                      (759, 57, 'SARAYDÜZÜ'),
                                                      (760, 57, 'SİNOP'),
                                                      (761, 57, 'TÜRKELİ'),
                                                      (762, 58, 'AKINCILAR'),
                                                      (763, 58, 'ALTINYAYLA'),
                                                      (764, 58, 'DİVRİĞİ'),
                                                      (765, 58, 'DOĞANŞAR'),
                                                      (766, 58, 'GEMEREK'),
                                                      (767, 58, 'GÖLOVA'),
                                                      (768, 58, 'GÜRÜN'),
                                                      (769, 58, 'HAFİK'),
                                                      (770, 58, 'İMRANLI'),
                                                      (771, 58, 'KANGAL'),
                                                      (772, 58, 'KOYULHİSAR'),
                                                      (773, 58, 'SİVAS'),
                                                      (774, 58, 'SUŞEHRİ'),
                                                      (775, 58, 'ŞARKIŞLA'),
                                                      (776, 58, 'ULAŞ'),
                                                      (777, 58, 'YILDIZELİ'),
                                                      (778, 58, 'ZARA'),
                                                      (779, 59, 'ÇERKEZKÖY'),
                                                      (780, 59, 'ÇORLU'),
                                                      (781, 59, 'HAYRABOLU'),
                                                      (782, 59, 'MALKARA'),
                                                      (783, 59, 'MARMARAEREĞLİSİ'),
                                                      (784, 59, 'MURATLI'),
                                                      (785, 59, 'SARAY'),
                                                      (786, 59, 'ŞARKÖY'),
                                                      (787, 59, 'TEKİRDAĞ'),
                                                      (788, 60, 'ALMUS'),
                                                      (789, 60, 'ARTOVA'),
                                                      (790, 60, 'BAŞÇİFTLİK'),
                                                      (791, 60, 'ERBAA'),
                                                      (792, 60, 'NİKSAR'),
                                                      (793, 60, 'PAZAR'),
                                                      (794, 60, 'REŞADİYE'),
                                                      (795, 60, 'SULUSARAY'),
                                                      (796, 60, 'TOKAT'),
                                                      (797, 60, 'TURHAL'),
                                                      (798, 60, 'YEŞİLYURT'),
                                                      (799, 60, 'ZİLE'),
                                                      (800, 61, 'AKÇAABAT'),
                                                      (801, 61, 'ARAKLI'),
                                                      (802, 61, 'ARSİN'),
                                                      (803, 61, 'BEŞİKDÜZÜ'),
                                                      (804, 61, 'ÇARŞIBAŞI'),
                                                      (805, 61, 'ÇAYKARA'),
                                                      (806, 61, 'DERNEKPAZARI'),
                                                      (807, 61, 'DÜZKÖY'),
                                                      (808, 61, 'HAYRAT'),
                                                      (809, 61, 'KÖPRÜBAŞI'),
                                                      (810, 61, 'MAÇKA'),
                                                      (811, 61, 'OF'),
                                                      (812, 61, 'SÜRMENE'),
                                                      (813, 61, 'ŞALPAZARI'),
                                                      (814, 61, 'TONYA'),
                                                      (815, 61, 'TRABZON'),
                                                      (816, 61, 'VAKFIKEBİR'),
                                                      (817, 61, 'YOMRA'),
                                                      (818, 62, 'ÇEMİŞGEZEK'),
                                                      (819, 62, 'HOZAT'),
                                                      (820, 62, 'MAZGİRT'),
                                                      (821, 62, 'NAZIMİYE'),
                                                      (822, 62, 'OVACIK'),
                                                      (823, 62, 'PERTEK'),
                                                      (824, 62, 'PÜLÜMÜR'),
                                                      (825, 62, 'TUNCELİ'),
                                                      (826, 63, 'AKÇAKALE'),
                                                      (827, 63, 'BİRECİK'),
                                                      (828, 63, 'BOZOVA'),
                                                      (829, 63, 'CEYLANPINAR'),
                                                      (830, 63, 'HALFETİ'),
                                                      (831, 63, 'HARRAN'),
                                                      (832, 63, 'HİLVAN'),
                                                      (833, 63, 'SİVEREK'),
                                                      (834, 63, 'SURUÇ'),
                                                      (835, 63, 'ŞANLIURFA'),
                                                      (836, 63, 'VİRANŞEHİR'),
                                                      (837, 64, 'BANAZ'),
                                                      (838, 64, 'EŞME'),
                                                      (839, 64, 'KARAHALLI'),
                                                      (840, 64, 'SİVASLI'),
                                                      (841, 64, 'ULUBEY'),
                                                      (842, 64, 'UŞAK'),
                                                      (843, 65, 'BAHÇESARAY'),
                                                      (844, 65, 'BAŞKALE'),
                                                      (845, 65, 'ÇALDIRAN'),
                                                      (846, 65, 'ÇATAK'),
                                                      (847, 65, 'EDREMİT(GÜMÜŞDERE)'),
                                                      (848, 65, 'ERCİŞ'),
                                                      (849, 65, 'GEVAŞ'),
                                                      (850, 65, 'GÜRPINAR'),
                                                      (851, 65, 'MURADİYE'),
                                                      (852, 65, 'ÖZALP'),
                                                      (853, 65, 'SARAY'),
                                                      (854, 65, 'VAN'),
                                                      (855, 66, 'AKDAĞMADENİ'),
                                                      (856, 66, 'AYDINCIK'),
                                                      (857, 66, 'BOĞAZLIYAN'),
                                                      (858, 66, 'ÇANDIR'),
                                                      (859, 66, 'ÇAYIRALAN'),
                                                      (860, 66, 'ÇEKEREK'),
                                                      (861, 66, 'KADIŞEHRİ'),
                                                      (862, 66, 'SARAYKENT'),
                                                      (863, 66, 'SARIKAYA'),
                                                      (864, 66, 'SORGUN'),
                                                      (865, 66, 'ŞEFAATLİ'),
                                                      (866, 66, 'YENİFAKILI'),
                                                      (867, 66, 'YERKÖY'),
                                                      (868, 66, 'YOZGAT'),
                                                      (869, 67, 'ALAPLI'),
                                                      (870, 67, 'ÇAYCUMA'),
                                                      (871, 67, 'DEVREK'),
                                                      (872, 67, 'GÖKÇEBEY'),
                                                      (873, 67, 'KARADENİZEREĞLİ'),
                                                      (874, 67, 'ZONGULDAK'),
                                                      (875, 68, 'AĞAÇÖREN'),
                                                      (876, 68, 'AKSARAY'),
                                                      (877, 68, 'ESKİL'),
                                                      (878, 68, 'GÜLAĞAÇ'),
                                                      (879, 68, 'GÜZELYURT'),
                                                      (880, 68, 'ORTAKÖY'),
                                                      (881, 68, 'SARIYAHŞİ'),
                                                      (882, 69, 'AYDINTEPE'),
                                                      (883, 69, 'BAYBURT'),
                                                      (884, 69, 'DEMİRÖZÜ'),
                                                      (885, 70, 'AYRANCI'),
                                                      (886, 70, 'BAŞYAYLA'),
                                                      (887, 70, 'ERMENEK'),
                                                      (888, 70, 'KARAMAN'),
                                                      (889, 70, 'KAZIMKARABEKİR'),
                                                      (890, 70, 'SARIVELİLER'),
                                                      (891, 71, 'BAHŞİLİ'),
                                                      (892, 71, 'BALIŞEYH'),
                                                      (893, 71, 'ÇELEBİ'),
                                                      (894, 71, 'DELİCE'),
                                                      (895, 71, 'KARAKEÇİLİ'),
                                                      (896, 71, 'KESKİN'),
                                                      (897, 71, 'KIRIKKALE'),
                                                      (898, 71, 'SULAKYURT'),
                                                      (899, 71, 'YAHŞİHAN'),
                                                      (900, 72, 'BATMAN'),
                                                      (901, 72, 'BEŞİRİ'),
                                                      (902, 72, 'GERCÜŞ'),
                                                      (903, 72, 'HASANKEYF'),
                                                      (904, 72, 'KOZLUK'),
                                                      (905, 72, 'SASON'),
                                                      (906, 73, 'BEYTÜŞŞEBAP'),
                                                      (907, 73, 'CİZRE'),
                                                      (908, 73, 'GÜÇLÜKONAK'),
                                                      (909, 73, 'İDİL'),
                                                      (910, 73, 'SİLOPİ'),
                                                      (911, 73, 'ŞIRNAK'),
                                                      (912, 73, 'ULUDERE'),
                                                      (913, 74, 'AMASRA'),
                                                      (914, 74, 'BARTIN'),
                                                      (915, 74, 'KURUCAŞİLE'),
                                                      (916, 74, 'ULUS'),
                                                      (917, 75, 'ARDAHAN'),
                                                      (918, 75, 'ÇILDIR'),
                                                      (919, 75, 'DAMAL'),
                                                      (920, 75, 'GÖLE'),
                                                      (921, 75, 'HANAK'),
                                                      (922, 75, 'POSOF'),
                                                      (923, 76, 'ARALIK'),
                                                      (924, 76, 'IĞDIR'),
                                                      (925, 76, 'KARAKOYUNLU'),
                                                      (926, 76, 'TUZLUCA'),
                                                      (927, 77, 'ALTINOVA'),
                                                      (928, 77, 'ARMUTLU'),
                                                      (929, 77, 'ÇINARCIK'),
                                                      (930, 77, 'ÇİFTLİKKÖY'),
                                                      (931, 77, 'TERMAL'),
                                                      (932, 77, 'YALOVA'),
                                                      (933, 78, 'EFLANİ'),
                                                      (934, 78, 'ESKİPAZAR'),
                                                      (935, 78, 'KARABÜK'),
                                                      (936, 78, 'OVACIK'),
                                                      (937, 78, 'SAFRANBOLU'),
                                                      (938, 78, 'YENİCE'),
                                                      (939, 79, 'ELBEYLİ'),
                                                      (940, 79, 'KİLİS'),
                                                      (941, 79, 'MUSABEYLİ'),
                                                      (942, 79, 'POLATELİ'),
                                                      (943, 80, 'BAHÇE'),
                                                      (944, 80, 'DÜZİÇİ'),
                                                      (945, 80, 'HASANBEYLİ'),
                                                      (946, 80, 'KADİRLİ'),
                                                      (947, 80, 'OSMANİYE'),
                                                      (948, 80, 'SUMBAS'),
                                                      (949, 80, 'TOPRAKKALE'),
                                                      (950, 81, 'AKÇAKOCA'),
                                                      (951, 81, 'CUMAYERİ'),
                                                      (952, 81, 'ÇİLİMLİ'),
                                                      (953, 81, 'DÜZCE'),
                                                      (954, 81, 'GÖLYAKA'),
                                                      (955, 81, 'GÜMÜŞOVA'),
                                                      (956, 81, 'KAYNAŞLI'),
                                                      (957, 81, 'YIĞILCA');